entity,code,year,num_countries_regime__category_closed_autocracy,num_countries_regime__category_electoral_autocracy,num_countries_regime__category_electoral_democracy,num_countries_regime__category_liberal_democracy
Africa,OWID_AFR,1789,5,0,0,0
Africa,OWID_AFR,1790,5,0,0,0
Africa,OWID_AFR,1791,5,0,0,0
Africa,OWID_AFR,1792,5,0,0,0
Africa,OWID_AFR,1793,5,0,0,0
Africa,OWID_AFR,1794,5,0,0,0
Africa,OWID_AFR,1795,5,0,0,0
Africa,OWID_AFR,1796,5,0,0,0
Africa,OWID_AFR,1797,5,0,0,0
Africa,OWID_AFR,1798,5,0,0,0
Africa,OWID_AFR,1799,5,0,0,0
Africa,OWID_AFR,1800,5,0,0,0
Africa,OWID_AFR,1801,5,0,0,0
Africa,OWID_AFR,1802,5,0,0,0
Africa,OWID_AFR,1803,5,0,0,0
Africa,OWID_AFR,1804,5,0,0,0
Africa,OWID_AFR,1805,5,0,0,0
Africa,OWID_AFR,1806,5,0,0,0
Africa,OWID_AFR,1807,5,0,0,0
Africa,OWID_AFR,1808,5,0,0,0
Africa,OWID_AFR,1809,5,0,0,0
Africa,OWID_AFR,1810,4,0,0,0
Africa,OWID_AFR,1811,4,0,0,0
Africa,OWID_AFR,1812,4,0,0,0
Africa,OWID_AFR,1813,4,0,0,0
Africa,OWID_AFR,1814,4,0,0,0
Africa,OWID_AFR,1815,4,0,0,0
Africa,OWID_AFR,1816,4,0,0,0
Africa,OWID_AFR,1817,5,0,0,0
Africa,OWID_AFR,1818,5,0,0,0
Africa,OWID_AFR,1819,5,0,0,0
Africa,OWID_AFR,1820,5,0,0,0
Africa,OWID_AFR,1821,6,0,0,0
Africa,OWID_AFR,1822,6,0,0,0
Africa,OWID_AFR,1823,6,0,0,0
Africa,OWID_AFR,1824,6,0,0,0
Africa,OWID_AFR,1825,6,0,0,0
Africa,OWID_AFR,1826,6,0,0,0
Africa,OWID_AFR,1827,6,0,0,0
Africa,OWID_AFR,1828,6,0,0,0
Africa,OWID_AFR,1829,6,0,0,0
Africa,OWID_AFR,1830,6,0,0,0
Africa,OWID_AFR,1831,6,0,0,0
Africa,OWID_AFR,1832,6,0,0,0
Africa,OWID_AFR,1833,6,0,0,0
Africa,OWID_AFR,1834,6,0,0,0
Africa,OWID_AFR,1835,6,0,0,0
Africa,OWID_AFR,1836,6,0,0,0
Africa,OWID_AFR,1837,6,0,0,0
Africa,OWID_AFR,1838,6,0,0,0
Africa,OWID_AFR,1839,6,0,0,0
Africa,OWID_AFR,1840,6,0,0,0
Africa,OWID_AFR,1841,6,0,0,0
Africa,OWID_AFR,1842,6,0,0,0
Africa,OWID_AFR,1843,6,0,0,0
Africa,OWID_AFR,1844,6,0,0,0
Africa,OWID_AFR,1845,6,0,0,0
Africa,OWID_AFR,1846,6,0,0,0
Africa,OWID_AFR,1847,6,0,0,0
Africa,OWID_AFR,1848,5,1,0,0
Africa,OWID_AFR,1849,5,1,0,0
Africa,OWID_AFR,1850,5,1,0,0
Africa,OWID_AFR,1851,5,1,0,0
Africa,OWID_AFR,1852,5,1,0,0
Africa,OWID_AFR,1853,5,1,0,0
Africa,OWID_AFR,1854,5,1,0,0
Africa,OWID_AFR,1855,5,1,0,0
Africa,OWID_AFR,1856,5,1,0,0
Africa,OWID_AFR,1857,5,1,0,0
Africa,OWID_AFR,1858,5,1,0,0
Africa,OWID_AFR,1859,5,1,0,0
Africa,OWID_AFR,1860,5,1,0,0
Africa,OWID_AFR,1861,5,1,0,0
Africa,OWID_AFR,1862,5,1,0,0
Africa,OWID_AFR,1863,5,1,0,0
Africa,OWID_AFR,1864,5,1,0,0
Africa,OWID_AFR,1865,5,1,0,0
Africa,OWID_AFR,1866,5,1,0,0
Africa,OWID_AFR,1867,5,1,0,0
Africa,OWID_AFR,1868,5,1,0,0
Africa,OWID_AFR,1869,5,1,0,0
Africa,OWID_AFR,1870,5,1,0,0
Africa,OWID_AFR,1871,5,1,0,0
Africa,OWID_AFR,1872,5,1,0,0
Africa,OWID_AFR,1873,5,1,0,0
Africa,OWID_AFR,1874,5,1,0,0
Africa,OWID_AFR,1875,5,1,0,0
Africa,OWID_AFR,1876,5,1,0,0
Africa,OWID_AFR,1877,5,1,0,0
Africa,OWID_AFR,1878,5,1,0,0
Africa,OWID_AFR,1879,5,1,0,0
Africa,OWID_AFR,1880,5,1,0,0
Africa,OWID_AFR,1881,5,1,0,0
Africa,OWID_AFR,1882,5,1,0,0
Africa,OWID_AFR,1883,5,1,0,0
Africa,OWID_AFR,1884,5,1,0,0
Africa,OWID_AFR,1885,5,1,0,0
Africa,OWID_AFR,1886,5,1,0,0
Africa,OWID_AFR,1887,5,1,0,0
Africa,OWID_AFR,1888,5,1,0,0
Africa,OWID_AFR,1889,5,1,0,0
Africa,OWID_AFR,1890,5,1,0,0
Africa,OWID_AFR,1891,5,1,0,0
Africa,OWID_AFR,1892,5,1,0,0
Africa,OWID_AFR,1893,5,1,0,0
Africa,OWID_AFR,1894,5,1,0,0
Africa,OWID_AFR,1895,5,1,0,0
Africa,OWID_AFR,1896,5,1,0,0
Africa,OWID_AFR,1897,5,1,0,0
Africa,OWID_AFR,1898,5,1,0,0
Africa,OWID_AFR,1899,5,1,0,0
Africa,OWID_AFR,1900,36,1,0,0
Africa,OWID_AFR,1901,36,1,0,0
Africa,OWID_AFR,1902,37,1,0,0
Africa,OWID_AFR,1903,39,1,0,0
Africa,OWID_AFR,1904,41,1,0,0
Africa,OWID_AFR,1905,41,1,0,0
Africa,OWID_AFR,1906,41,1,0,0
Africa,OWID_AFR,1907,41,1,0,0
Africa,OWID_AFR,1908,41,1,0,0
Africa,OWID_AFR,1909,41,1,0,0
Africa,OWID_AFR,1910,41,2,0,0
Africa,OWID_AFR,1911,43,2,0,0
Africa,OWID_AFR,1912,42,2,0,0
Africa,OWID_AFR,1913,42,2,0,0
Africa,OWID_AFR,1914,43,2,0,0
Africa,OWID_AFR,1915,43,2,0,0
Africa,OWID_AFR,1916,46,2,0,0
Africa,OWID_AFR,1917,46,2,0,0
Africa,OWID_AFR,1918,46,2,0,0
Africa,OWID_AFR,1919,47,2,0,0
Africa,OWID_AFR,1920,49,2,0,0
Africa,OWID_AFR,1921,49,2,0,0
Africa,OWID_AFR,1922,51,2,0,0
Africa,OWID_AFR,1923,50,3,0,0
Africa,OWID_AFR,1924,50,3,0,0
Africa,OWID_AFR,1925,50,3,0,0
Africa,OWID_AFR,1926,50,3,0,0
Africa,OWID_AFR,1927,50,3,0,0
Africa,OWID_AFR,1928,50,3,0,0
Africa,OWID_AFR,1929,50,3,0,0
Africa,OWID_AFR,1930,50,3,0,0
Africa,OWID_AFR,1931,50,3,0,0
Africa,OWID_AFR,1932,49,3,0,0
Africa,OWID_AFR,1933,49,3,0,0
Africa,OWID_AFR,1934,49,3,0,0
Africa,OWID_AFR,1935,49,3,0,0
Africa,OWID_AFR,1936,49,3,0,0
Africa,OWID_AFR,1937,49,3,0,0
Africa,OWID_AFR,1938,49,3,0,0
Africa,OWID_AFR,1939,49,3,0,0
Africa,OWID_AFR,1940,49,3,0,0
Africa,OWID_AFR,1941,49,3,0,0
Africa,OWID_AFR,1942,48,3,0,0
Africa,OWID_AFR,1943,48,3,0,0
Africa,OWID_AFR,1944,48,3,0,0
Africa,OWID_AFR,1945,47,4,0,0
Africa,OWID_AFR,1946,48,4,0,0
Africa,OWID_AFR,1947,49,4,0,0
Africa,OWID_AFR,1948,49,4,0,0
Africa,OWID_AFR,1949,49,4,0,0
Africa,OWID_AFR,1950,49,4,0,0
Africa,OWID_AFR,1951,50,4,0,0
Africa,OWID_AFR,1952,50,4,0,0
Africa,OWID_AFR,1953,51,3,0,0
Africa,OWID_AFR,1954,50,4,0,0
Africa,OWID_AFR,1955,50,4,0,0
Africa,OWID_AFR,1956,49,5,0,0
Africa,OWID_AFR,1957,45,9,0,0
Africa,OWID_AFR,1958,44,10,0,0
Africa,OWID_AFR,1959,44,10,0,0
Africa,OWID_AFR,1960,35,18,0,0
Africa,OWID_AFR,1961,31,23,0,0
Africa,OWID_AFR,1962,28,26,0,0
Africa,OWID_AFR,1963,26,28,0,0
Africa,OWID_AFR,1964,27,27,0,0
Africa,OWID_AFR,1965,29,25,0,0
Africa,OWID_AFR,1966,33,21,0,0
Africa,OWID_AFR,1967,35,18,1,0
Africa,OWID_AFR,1968,33,18,2,0
Africa,OWID_AFR,1969,37,15,2,0
Africa,OWID_AFR,1970,35,17,2,0
Africa,OWID_AFR,1971,35,16,2,0
Africa,OWID_AFR,1972,37,14,2,0
Africa,OWID_AFR,1973,37,14,2,0
Africa,OWID_AFR,1974,37,14,2,0
Africa,OWID_AFR,1975,35,15,2,0
Africa,OWID_AFR,1976,34,17,2,0
Africa,OWID_AFR,1977,34,17,2,0
Africa,OWID_AFR,1978,36,15,2,0
Africa,OWID_AFR,1979,33,19,2,0
Africa,OWID_AFR,1980,30,21,3,0
Africa,OWID_AFR,1981,31,19,2,0
Africa,OWID_AFR,1982,32,19,2,0
Africa,OWID_AFR,1983,32,19,2,0
Africa,OWID_AFR,1984,33,19,2,0
Africa,OWID_AFR,1985,35,17,1,1
Africa,OWID_AFR,1986,32,19,1,1
Africa,OWID_AFR,1987,34,18,1,1
Africa,OWID_AFR,1988,32,20,1,1
Africa,OWID_AFR,1989,30,22,1,1
Africa,OWID_AFR,1990,27,22,3,1
Africa,OWID_AFR,1991,26,22,5,1
Africa,OWID_AFR,1992,24,24,6,1
Africa,OWID_AFR,1993,22,22,9,1
Africa,OWID_AFR,1994,17,27,9,1
Africa,OWID_AFR,1995,16,25,11,1
Africa,OWID_AFR,1996,12,28,10,2
Africa,OWID_AFR,1997,14,29,10,2
Africa,OWID_AFR,1998,13,30,10,2
Africa,OWID_AFR,1999,15,28,9,3
Africa,OWID_AFR,2000,14,29,9,3
Africa,OWID_AFR,2001,14,29,9,3
Africa,OWID_AFR,2002,10,32,9,3
Africa,OWID_AFR,2003,11,28,11,4
Africa,OWID_AFR,2004,10,30,11,4
Africa,OWID_AFR,2005,9,31,11,4
Africa,OWID_AFR,2006,7,32,12,4
Africa,OWID_AFR,2007,6,33,12,4
Africa,OWID_AFR,2008,8,30,13,4
Africa,OWID_AFR,2009,8,32,11,4
Africa,OWID_AFR,2010,7,31,12,4
Africa,OWID_AFR,2011,8,31,13,4
Africa,OWID_AFR,2012,6,32,14,4
Africa,OWID_AFR,2013,8,29,16,3
Africa,OWID_AFR,2014,6,29,16,3
Africa,OWID_AFR,2015,7,29,18,2
Africa,OWID_AFR,2016,6,28,19,3
Africa,OWID_AFR,2017,6,30,18,2
Africa,OWID_AFR,2018,6,29,19,2
Africa,OWID_AFR,2019,6,31,17,2
Africa,OWID_AFR,2020,8,30,16,2
Africa,OWID_AFR,2021,10,28,17,1
Africa,OWID_AFR,2022,11,28,16,1
Africa,OWID_AFR,2023,13,29,13,1
Africa,OWID_AFR,2024,12,30,13,1
Africa,OWID_AFR,2025,13,28,14,1
Asia,OWID_ASI,1789,12,0,0,0
Asia,OWID_ASI,1790,12,0,0,0
Asia,OWID_ASI,1791,12,0,0,0
Asia,OWID_ASI,1792,12,0,0,0
Asia,OWID_ASI,1793,12,0,0,0
Asia,OWID_ASI,1794,12,0,0,0
Asia,OWID_ASI,1795,12,0,0,0
Asia,OWID_ASI,1796,12,0,0,0
Asia,OWID_ASI,1797,12,0,0,0
Asia,OWID_ASI,1798,12,0,0,0
Asia,OWID_ASI,1799,12,0,0,0
Asia,OWID_ASI,1800,13,0,0,0
Asia,OWID_ASI,1801,13,0,0,0
Asia,OWID_ASI,1802,14,0,0,0
Asia,OWID_ASI,1803,14,0,0,0
Asia,OWID_ASI,1804,14,0,0,0
Asia,OWID_ASI,1805,14,0,0,0
Asia,OWID_ASI,1806,14,0,0,0
Asia,OWID_ASI,1807,14,0,0,0
Asia,OWID_ASI,1808,14,0,0,0
Asia,OWID_ASI,1809,14,0,0,0
Asia,OWID_ASI,1810,14,0,0,0
Asia,OWID_ASI,1811,14,0,0,0
Asia,OWID_ASI,1812,14,0,0,0
Asia,OWID_ASI,1813,14,0,0,0
Asia,OWID_ASI,1814,14,0,0,0
Asia,OWID_ASI,1815,14,0,0,0
Asia,OWID_ASI,1816,14,0,0,0
Asia,OWID_ASI,1817,14,0,0,0
Asia,OWID_ASI,1818,14,0,0,0
Asia,OWID_ASI,1819,13,0,0,0
Asia,OWID_ASI,1820,13,0,0,0
Asia,OWID_ASI,1821,13,0,0,0
Asia,OWID_ASI,1822,14,0,0,0
Asia,OWID_ASI,1823,14,0,0,0
Asia,OWID_ASI,1824,14,0,0,0
Asia,OWID_ASI,1825,14,0,0,0
Asia,OWID_ASI,1826,14,0,0,0
Asia,OWID_ASI,1827,14,0,0,0
Asia,OWID_ASI,1828,14,0,0,0
Asia,OWID_ASI,1829,14,0,0,0
Asia,OWID_ASI,1830,14,0,0,0
Asia,OWID_ASI,1831,14,0,0,0
Asia,OWID_ASI,1832,14,0,0,0
Asia,OWID_ASI,1833,14,0,0,0
Asia,OWID_ASI,1834,14,0,0,0
Asia,OWID_ASI,1835,14,0,0,0
Asia,OWID_ASI,1836,14,0,0,0
Asia,OWID_ASI,1837,14,0,0,0
Asia,OWID_ASI,1838,14,0,0,0
Asia,OWID_ASI,1839,14,0,0,0
Asia,OWID_ASI,1840,14,0,0,0
Asia,OWID_ASI,1841,14,0,0,0
Asia,OWID_ASI,1842,14,0,0,0
Asia,OWID_ASI,1843,14,0,0,0
Asia,OWID_ASI,1844,14,0,0,0
Asia,OWID_ASI,1845,14,0,0,0
Asia,OWID_ASI,1846,14,0,0,0
Asia,OWID_ASI,1847,14,0,0,0
Asia,OWID_ASI,1848,14,0,0,0
Asia,OWID_ASI,1849,14,0,0,0
Asia,OWID_ASI,1850,14,0,0,0
Asia,OWID_ASI,1851,13,0,0,0
Asia,OWID_ASI,1852,13,0,0,0
Asia,OWID_ASI,1853,13,0,0,0
Asia,OWID_ASI,1854,13,0,0,0
Asia,OWID_ASI,1855,13,0,0,0
Asia,OWID_ASI,1856,13,0,0,0
Asia,OWID_ASI,1857,13,0,0,0
Asia,OWID_ASI,1858,13,0,0,0
Asia,OWID_ASI,1859,13,0,0,0
Asia,OWID_ASI,1860,13,0,0,0
Asia,OWID_ASI,1861,13,0,0,0
Asia,OWID_ASI,1862,13,0,0,0
Asia,OWID_ASI,1863,13,0,0,0
Asia,OWID_ASI,1864,13,0,0,0
Asia,OWID_ASI,1865,13,0,0,0
Asia,OWID_ASI,1866,13,0,0,0
Asia,OWID_ASI,1867,13,0,0,0
Asia,OWID_ASI,1868,14,0,0,0
Asia,OWID_ASI,1869,14,0,0,0
Asia,OWID_ASI,1870,14,0,0,0
Asia,OWID_ASI,1871,14,0,0,0
Asia,OWID_ASI,1872,14,0,0,0
Asia,OWID_ASI,1873,14,0,0,0
Asia,OWID_ASI,1874,14,0,0,0
Asia,OWID_ASI,1875,14,0,0,0
Asia,OWID_ASI,1876,14,0,0,0
Asia,OWID_ASI,1877,14,0,0,0
Asia,OWID_ASI,1878,14,0,0,0
Asia,OWID_ASI,1879,14,0,0,0
Asia,OWID_ASI,1880,14,0,0,0
Asia,OWID_ASI,1881,14,0,0,0
Asia,OWID_ASI,1882,14,0,0,0
Asia,OWID_ASI,1883,14,0,0,0
Asia,OWID_ASI,1884,14,0,0,0
Asia,OWID_ASI,1885,14,0,0,0
Asia,OWID_ASI,1886,14,0,0,0
Asia,OWID_ASI,1887,13,0,0,0
Asia,OWID_ASI,1888,13,0,0,0
Asia,OWID_ASI,1889,13,0,0,0
Asia,OWID_ASI,1890,13,0,0,0
Asia,OWID_ASI,1891,13,0,0,0
Asia,OWID_ASI,1892,13,0,0,0
Asia,OWID_ASI,1893,13,0,0,0
Asia,OWID_ASI,1894,13,0,0,0
Asia,OWID_ASI,1895,13,0,0,0
Asia,OWID_ASI,1896,13,0,0,0
Asia,OWID_ASI,1897,13,0,0,0
Asia,OWID_ASI,1898,13,0,0,0
Asia,OWID_ASI,1899,13,0,0,0
Asia,OWID_ASI,1900,28,0,0,0
Asia,OWID_ASI,1901,28,0,0,0
Asia,OWID_ASI,1902,29,0,0,0
Asia,OWID_ASI,1903,29,0,0,0
Asia,OWID_ASI,1904,29,0,0,0
Asia,OWID_ASI,1905,29,0,0,0
Asia,OWID_ASI,1906,29,0,0,0
Asia,OWID_ASI,1907,29,0,0,0
Asia,OWID_ASI,1908,29,0,0,0
Asia,OWID_ASI,1909,29,0,0,0
Asia,OWID_ASI,1910,29,0,0,0
Asia,OWID_ASI,1911,30,0,0,0
Asia,OWID_ASI,1912,31,0,0,0
Asia,OWID_ASI,1913,31,0,0,0
Asia,OWID_ASI,1914,31,0,0,0
Asia,OWID_ASI,1915,31,0,0,0
Asia,OWID_ASI,1916,31,0,0,0
Asia,OWID_ASI,1917,31,0,0,0
Asia,OWID_ASI,1918,33,1,0,0
Asia,OWID_ASI,1919,34,1,0,0
Asia,OWID_ASI,1920,34,1,0,0
Asia,OWID_ASI,1921,34,0,0,0
Asia,OWID_ASI,1922,35,1,0,0
Asia,OWID_ASI,1923,36,0,0,0
Asia,OWID_ASI,1924,36,0,0,0
Asia,OWID_ASI,1925,36,0,0,0
Asia,OWID_ASI,1926,36,0,0,0
Asia,OWID_ASI,1927,36,0,0,0
Asia,OWID_ASI,1928,36,0,0,0
Asia,OWID_ASI,1929,36,0,0,0
Asia,OWID_ASI,1930,36,0,0,0
Asia,OWID_ASI,1931,36,0,0,0
Asia,OWID_ASI,1932,36,0,0,0
Asia,OWID_ASI,1933,35,1,0,0
Asia,OWID_ASI,1934,35,1,0,0
Asia,OWID_ASI,1935,34,2,0,0
Asia,OWID_ASI,1936,34,2,0,0
Asia,OWID_ASI,1937,34,2,0,0
Asia,OWID_ASI,1938,34,2,0,0
Asia,OWID_ASI,1939,34,2,0,0
Asia,OWID_ASI,1940,34,2,0,0
Asia,OWID_ASI,1941,34,2,0,0
Asia,OWID_ASI,1942,35,1,0,0
Asia,OWID_ASI,1943,34,2,0,0
Asia,OWID_ASI,1944,34,2,0,0
Asia,OWID_ASI,1945,35,3,0,0
Asia,OWID_ASI,1946,32,6,0,0
Asia,OWID_ASI,1947,31,8,0,0
Asia,OWID_ASI,1948,34,7,1,0
Asia,OWID_ASI,1949,33,6,2,0
Asia,OWID_ASI,1950,31,7,2,0
Asia,OWID_ASI,1951,30,8,2,0
Asia,OWID_ASI,1952,28,8,3,1
Asia,OWID_ASI,1953,27,9,3,1
Asia,OWID_ASI,1954,27,9,3,1
Asia,OWID_ASI,1955,22,13,3,1
Asia,OWID_ASI,1956,22,13,4,1
Asia,OWID_ASI,1957,22,13,4,1
Asia,OWID_ASI,1958,23,13,3,1
Asia,OWID_ASI,1959,23,13,3,1
Asia,OWID_ASI,1960,25,11,3,1
Asia,OWID_ASI,1961,25,11,3,1
Asia,OWID_ASI,1962,27,9,3,1
Asia,OWID_ASI,1963,27,9,3,1
Asia,OWID_ASI,1964,28,8,3,1
Asia,OWID_ASI,1965,27,9,3,1
Asia,OWID_ASI,1966,26,9,3,2
Asia,OWID_ASI,1967,25,10,3,2
Asia,OWID_ASI,1968,25,10,3,2
Asia,OWID_ASI,1969,25,10,3,2
Asia,OWID_ASI,1970,26,9,3,2
Asia,OWID_ASI,1971,27,10,2,2
Asia,OWID_ASI,1972,27,11,2,2
Asia,OWID_ASI,1973,26,11,3,2
Asia,OWID_ASI,1974,25,12,3,2
Asia,OWID_ASI,1975,24,14,2,2
Asia,OWID_ASI,1976,27,10,2,2
Asia,OWID_ASI,1977,26,10,2,2
Asia,OWID_ASI,1978,26,9,3,2
Asia,OWID_ASI,1979,26,10,3,2
Asia,OWID_ASI,1980,25,12,2,2
Asia,OWID_ASI,1981,25,12,2,2
Asia,OWID_ASI,1982,26,11,2,2
Asia,OWID_ASI,1983,25,13,1,2
Asia,OWID_ASI,1984,25,13,1,2
Asia,OWID_ASI,1985,23,15,1,2
Asia,OWID_ASI,1986,22,16,1,2
Asia,OWID_ASI,1987,22,16,1,2
Asia,OWID_ASI,1988,21,15,3,2
Asia,OWID_ASI,1989,20,16,3,2
Asia,OWID_ASI,1990,23,19,5,2
Asia,OWID_ASI,1991,22,18,6,2
Asia,OWID_ASI,1992,19,20,7,2
Asia,OWID_ASI,1993,19,20,6,3
Asia,OWID_ASI,1994,19,20,6,3
Asia,OWID_ASI,1995,18,21,6,3
Asia,OWID_ASI,1996,16,22,7,3
Asia,OWID_ASI,1997,16,22,7,3
Asia,OWID_ASI,1998,16,21,8,3
Asia,OWID_ASI,1999,16,20,9,3
Asia,OWID_ASI,2000,18,19,7,4
Asia,OWID_ASI,2001,18,19,7,4
Asia,OWID_ASI,2002,16,20,8,4
Asia,OWID_ASI,2003,16,19,9,4
Asia,OWID_ASI,2004,16,18,9,4
Asia,OWID_ASI,2005,14,22,8,4
Asia,OWID_ASI,2006,14,23,7,4
Asia,OWID_ASI,2007,17,22,6,4
Asia,OWID_ASI,2008,13,27,5,4
Asia,OWID_ASI,2009,13,24,7,5
Asia,OWID_ASI,2010,13,23,8,5
Asia,OWID_ASI,2011,12,24,8,5
Asia,OWID_ASI,2012,12,24,8,5
Asia,OWID_ASI,2013,13,25,7,4
Asia,OWID_ASI,2014,15,22,8,4
Asia,OWID_ASI,2015,15,21,9,4
Asia,OWID_ASI,2016,16,21,8,4
Asia,OWID_ASI,2017,15,23,7,4
Asia,OWID_ASI,2018,14,23,8,4
Asia,OWID_ASI,2019,14,22,9,4
Asia,OWID_ASI,2020,15,21,9,4
Asia,OWID_ASI,2021,18,18,8,5
Asia,OWID_ASI,2022,20,16,8,5
Asia,OWID_ASI,2023,19,16,10,4
Asia,OWID_ASI,2024,16,22,9,2
Asia,OWID_ASI,2025,18,19,9,3
Europe,OWID_EUR,1789,23,0,0,0
Europe,OWID_EUR,1790,24,1,0,0
Europe,OWID_EUR,1791,24,1,0,0
Europe,OWID_EUR,1792,23,2,0,0
Europe,OWID_EUR,1793,23,2,0,0
Europe,OWID_EUR,1794,23,2,0,0
Europe,OWID_EUR,1795,23,2,0,0
Europe,OWID_EUR,1796,20,3,0,0
Europe,OWID_EUR,1797,20,3,0,0
Europe,OWID_EUR,1798,20,3,0,0
Europe,OWID_EUR,1799,22,1,0,0
Europe,OWID_EUR,1800,23,1,0,0
Europe,OWID_EUR,1801,22,1,0,0
Europe,OWID_EUR,1802,23,1,0,0
Europe,OWID_EUR,1803,22,1,0,0
Europe,OWID_EUR,1804,22,1,0,0
Europe,OWID_EUR,1805,22,1,0,0
Europe,OWID_EUR,1806,22,1,0,0
Europe,OWID_EUR,1807,24,1,0,0
Europe,OWID_EUR,1808,23,1,0,0
Europe,OWID_EUR,1809,24,1,0,0
Europe,OWID_EUR,1810,23,1,0,0
Europe,OWID_EUR,1811,21,1,0,0
Europe,OWID_EUR,1812,21,1,0,0
Europe,OWID_EUR,1813,23,1,0,0
Europe,OWID_EUR,1814,25,1,0,0
Europe,OWID_EUR,1815,28,1,0,0
Europe,OWID_EUR,1816,28,1,0,0
Europe,OWID_EUR,1817,28,1,0,0
Europe,OWID_EUR,1818,28,1,0,0
Europe,OWID_EUR,1819,29,1,0,0
Europe,OWID_EUR,1820,29,1,0,0
Europe,OWID_EUR,1821,29,1,0,0
Europe,OWID_EUR,1822,30,1,0,0
Europe,OWID_EUR,1823,29,2,0,0
Europe,OWID_EUR,1824,30,1,0,0
Europe,OWID_EUR,1825,30,1,0,0
Europe,OWID_EUR,1826,30,1,0,0
Europe,OWID_EUR,1827,30,1,0,0
Europe,OWID_EUR,1828,30,1,0,0
Europe,OWID_EUR,1829,30,1,0,0
Europe,OWID_EUR,1830,31,1,0,0
Europe,OWID_EUR,1831,32,1,0,0
Europe,OWID_EUR,1832,32,2,0,0
Europe,OWID_EUR,1833,32,2,0,0
Europe,OWID_EUR,1834,33,2,0,0
Europe,OWID_EUR,1835,33,2,0,0
Europe,OWID_EUR,1836,33,2,0,0
Europe,OWID_EUR,1837,33,2,0,0
Europe,OWID_EUR,1838,33,2,0,0
Europe,OWID_EUR,1839,33,2,0,0
Europe,OWID_EUR,1840,33,2,0,0
Europe,OWID_EUR,1841,33,2,0,0
Europe,OWID_EUR,1842,33,2,0,0
Europe,OWID_EUR,1843,33,2,0,0
Europe,OWID_EUR,1844,33,2,0,0
Europe,OWID_EUR,1845,33,2,0,0
Europe,OWID_EUR,1846,34,2,0,0
Europe,OWID_EUR,1847,33,2,0,0
Europe,OWID_EUR,1848,30,7,0,0
Europe,OWID_EUR,1849,31,5,0,1
Europe,OWID_EUR,1850,31,5,0,1
Europe,OWID_EUR,1851,32,4,0,1
Europe,OWID_EUR,1852,32,4,0,1
Europe,OWID_EUR,1853,32,4,0,1
Europe,OWID_EUR,1854,32,4,0,1
Europe,OWID_EUR,1855,32,4,0,1
Europe,OWID_EUR,1856,32,4,0,1
Europe,OWID_EUR,1857,32,4,0,1
Europe,OWID_EUR,1858,31,5,0,1
Europe,OWID_EUR,1859,32,4,0,1
Europe,OWID_EUR,1860,30,4,0,1
Europe,OWID_EUR,1861,29,4,0,1
Europe,OWID_EUR,1862,27,4,0,1
Europe,OWID_EUR,1863,28,4,0,1
Europe,OWID_EUR,1864,28,4,0,1
Europe,OWID_EUR,1865,26,6,0,1
Europe,OWID_EUR,1866,27,5,0,1
Europe,OWID_EUR,1867,24,5,0,1
Europe,OWID_EUR,1868,18,4,0,1
Europe,OWID_EUR,1869,17,5,0,1
Europe,OWID_EUR,1870,16,6,0,1
Europe,OWID_EUR,1871,16,6,0,1
Europe,OWID_EUR,1872,12,6,0,1
Europe,OWID_EUR,1873,11,7,0,1
Europe,OWID_EUR,1874,12,5,1,1
Europe,OWID_EUR,1875,11,6,1,1
Europe,OWID_EUR,1876,11,6,1,1
Europe,OWID_EUR,1877,11,6,1,1
Europe,OWID_EUR,1878,12,6,1,1
Europe,OWID_EUR,1879,12,6,1,1
Europe,OWID_EUR,1880,12,6,1,1
Europe,OWID_EUR,1881,12,6,1,1
Europe,OWID_EUR,1882,11,7,1,1
Europe,OWID_EUR,1883,11,7,1,1
Europe,OWID_EUR,1884,11,7,1,1
Europe,OWID_EUR,1885,11,7,1,1
Europe,OWID_EUR,1886,10,8,1,1
Europe,OWID_EUR,1887,11,7,1,1
Europe,OWID_EUR,1888,11,7,1,1
Europe,OWID_EUR,1889,11,7,1,1
Europe,OWID_EUR,1890,11,7,1,1
Europe,OWID_EUR,1891,11,7,1,1
Europe,OWID_EUR,1892,11,7,1,1
Europe,OWID_EUR,1893,11,7,1,1
Europe,OWID_EUR,1894,11,7,1,1
Europe,OWID_EUR,1895,11,7,1,1
Europe,OWID_EUR,1896,11,7,1,1
Europe,OWID_EUR,1897,11,7,1,1
Europe,OWID_EUR,1898,11,7,1,1
Europe,OWID_EUR,1899,11,7,1,1
Europe,OWID_EUR,1900,15,6,1,2
Europe,OWID_EUR,1901,14,7,1,2
Europe,OWID_EUR,1902,14,6,1,3
Europe,OWID_EUR,1903,14,6,1,3
Europe,OWID_EUR,1904,13,6,2,3
Europe,OWID_EUR,1905,13,6,2,3
Europe,OWID_EUR,1906,13,5,3,3
Europe,OWID_EUR,1907,13,5,3,3
Europe,OWID_EUR,1908,13,5,3,3
Europe,OWID_EUR,1909,13,5,3,3
Europe,OWID_EUR,1910,13,5,3,3
Europe,OWID_EUR,1911,12,6,3,3
Europe,OWID_EUR,1912,12,6,3,3
Europe,OWID_EUR,1913,12,6,3,3
Europe,OWID_EUR,1914,14,6,3,2
Europe,OWID_EUR,1915,14,7,3,2
Europe,OWID_EUR,1916,15,6,3,2
Europe,OWID_EUR,1917,12,9,3,2
Europe,OWID_EUR,1918,14,7,4,3
Europe,OWID_EUR,1919,11,8,6,4
Europe,OWID_EUR,1920,9,9,8,5
Europe,OWID_EUR,1921,6,9,10,6
Europe,OWID_EUR,1922,6,7,11,7
Europe,OWID_EUR,1923,6,6,12,7
Europe,OWID_EUR,1924,7,5,11,8
Europe,OWID_EUR,1925,7,5,11,8
Europe,OWID_EUR,1926,8,5,10,8
Europe,OWID_EUR,1927,9,5,9,8
Europe,OWID_EUR,1928,9,5,9,8
Europe,OWID_EUR,1929,10,4,9,8
Europe,OWID_EUR,1930,10,4,10,7
Europe,OWID_EUR,1931,10,4,10,7
Europe,OWID_EUR,1932,7,5,11,7
Europe,OWID_EUR,1933,8,6,9,7
Europe,OWID_EUR,1934,10,6,7,7
Europe,OWID_EUR,1935,14,3,7,7
Europe,OWID_EUR,1936,14,4,6,7
Europe,OWID_EUR,1937,14,4,6,7
Europe,OWID_EUR,1938,15,3,6,7
Europe,OWID_EUR,1939,16,1,5,7
Europe,OWID_EUR,1940,17,2,3,4
Europe,OWID_EUR,1941,18,2,3,4
Europe,OWID_EUR,1942,19,2,2,4
Europe,OWID_EUR,1943,19,3,1,4
Europe,OWID_EUR,1944,20,3,0,5
Europe,OWID_EUR,1945,15,5,2,5
Europe,OWID_EUR,1946,9,6,2,10
Europe,OWID_EUR,1947,5,8,3,11
Europe,OWID_EUR,1948,6,6,4,11
Europe,OWID_EUR,1949,9,4,3,13
Europe,OWID_EUR,1950,10,3,3,13
Europe,OWID_EUR,1951,10,3,3,13
Europe,OWID_EUR,1952,12,1,3,13
Europe,OWID_EUR,1953,11,2,3,13
Europe,OWID_EUR,1954,11,2,3,13
Europe,OWID_EUR,1955,11,2,3,13
Europe,OWID_EUR,1956,11,2,2,14
Europe,OWID_EUR,1957,10,3,2,14
Europe,OWID_EUR,1958,11,3,1,14
Europe,OWID_EUR,1959,11,3,1,14
Europe,OWID_EUR,1960,10,4,1,14
Europe,OWID_EUR,1961,11,3,1,14
Europe,OWID_EUR,1962,10,4,1,14
Europe,OWID_EUR,1963,10,3,2,14
Europe,OWID_EUR,1964,10,3,2,14
Europe,OWID_EUR,1965,10,3,2,14
Europe,OWID_EUR,1966,10,3,2,14
Europe,OWID_EUR,1967,11,2,2,14
Europe,OWID_EUR,1968,11,2,2,14
Europe,OWID_EUR,1969,11,2,2,14
Europe,OWID_EUR,1970,11,2,1,15
Europe,OWID_EUR,1971,11,2,1,15
Europe,OWID_EUR,1972,11,2,1,15
Europe,OWID_EUR,1973,11,2,1,15
Europe,OWID_EUR,1974,10,3,1,15
Europe,OWID_EUR,1975,10,1,3,15
Europe,OWID_EUR,1976,9,1,3,16
Europe,OWID_EUR,1977,9,1,2,17
Europe,OWID_EUR,1978,9,0,3,17
Europe,OWID_EUR,1979,9,0,3,17
Europe,OWID_EUR,1980,9,0,3,17
Europe,OWID_EUR,1981,9,0,3,17
Europe,OWID_EUR,1982,9,0,3,17
Europe,OWID_EUR,1983,9,0,2,18
Europe,OWID_EUR,1984,9,0,2,18
Europe,OWID_EUR,1985,9,0,2,18
Europe,OWID_EUR,1986,9,0,2,18
Europe,OWID_EUR,1987,9,0,2,18
Europe,OWID_EUR,1988,9,0,2,18
Europe,OWID_EUR,1989,8,2,2,18
Europe,OWID_EUR,1990,4,2,11,19
Europe,OWID_EUR,1991,3,5,8,21
Europe,OWID_EUR,1992,2,6,9,21
Europe,OWID_EUR,1993,2,6,7,23
Europe,OWID_EUR,1994,1,5,10,23
Europe,OWID_EUR,1995,1,5,10,23
Europe,OWID_EUR,1996,0,7,8,24
Europe,OWID_EUR,1997,0,6,9,24
Europe,OWID_EUR,1998,0,7,9,24
Europe,OWID_EUR,1999,1,8,7,25
Europe,OWID_EUR,2000,1,7,8,25
Europe,OWID_EUR,2001,1,6,9,25
Europe,OWID_EUR,2002,0,6,10,25
Europe,OWID_EUR,2003,0,4,12,25
Europe,OWID_EUR,2004,0,4,11,26
Europe,OWID_EUR,2005,0,4,11,26
Europe,OWID_EUR,2006,0,3,12,26
Europe,OWID_EUR,2007,0,4,10,27
Europe,OWID_EUR,2008,0,3,11,27
Europe,OWID_EUR,2009,0,3,10,28
Europe,OWID_EUR,2010,0,3,11,27
Europe,OWID_EUR,2011,0,4,10,27
Europe,OWID_EUR,2012,0,4,10,27
Europe,OWID_EUR,2013,0,5,11,25
Europe,OWID_EUR,2014,0,6,9,26
Europe,OWID_EUR,2015,0,6,9,26
Europe,OWID_EUR,2016,0,6,12,23
Europe,OWID_EUR,2017,0,5,12,24
Europe,OWID_EUR,2018,0,6,11,24
Europe,OWID_EUR,2019,0,5,13,23
Europe,OWID_EUR,2020,0,5,14,22
Europe,OWID_EUR,2021,0,4,16,21
Europe,OWID_EUR,2022,0,5,13,23
Europe,OWID_EUR,2023,0,5,16,20
Europe,OWID_EUR,2024,1,4,17,19
Europe,OWID_EUR,2025,1,6,14,20
North America,OWID_NAM,1789,6,0,0,0
North America,OWID_NAM,1790,6,0,0,0
North America,OWID_NAM,1791,6,0,0,0
North America,OWID_NAM,1792,6,0,0,0
North America,OWID_NAM,1793,6,0,0,0
North America,OWID_NAM,1794,6,0,0,0
North America,OWID_NAM,1795,6,0,0,0
North America,OWID_NAM,1796,5,1,0,0
North America,OWID_NAM,1797,5,1,0,0
North America,OWID_NAM,1798,5,1,0,0
North America,OWID_NAM,1799,5,1,0,0
North America,OWID_NAM,1800,5,1,0,0
North America,OWID_NAM,1801,5,1,0,0
North America,OWID_NAM,1802,5,1,0,0
North America,OWID_NAM,1803,5,1,0,0
North America,OWID_NAM,1804,5,1,0,0
North America,OWID_NAM,1805,5,1,0,0
North America,OWID_NAM,1806,5,1,0,0
North America,OWID_NAM,1807,5,1,0,0
North America,OWID_NAM,1808,5,1,0,0
North America,OWID_NAM,1809,5,1,0,0
North America,OWID_NAM,1810,5,1,0,0
North America,OWID_NAM,1811,5,1,0,0
North America,OWID_NAM,1812,5,1,0,0
North America,OWID_NAM,1813,5,1,0,0
North America,OWID_NAM,1814,5,1,0,0
North America,OWID_NAM,1815,5,1,0,0
North America,OWID_NAM,1816,5,1,0,0
North America,OWID_NAM,1817,5,1,0,0
North America,OWID_NAM,1818,5,1,0,0
North America,OWID_NAM,1819,5,1,0,0
North America,OWID_NAM,1820,5,1,0,0
North America,OWID_NAM,1821,5,1,0,0
North America,OWID_NAM,1822,4,1,0,0
North America,OWID_NAM,1823,4,1,0,0
North America,OWID_NAM,1824,4,1,0,0
North America,OWID_NAM,1825,4,1,0,0
North America,OWID_NAM,1826,4,1,0,0
North America,OWID_NAM,1827,4,1,0,0
North America,OWID_NAM,1828,4,1,0,0
North America,OWID_NAM,1829,4,1,0,0
North America,OWID_NAM,1830,4,1,0,0
North America,OWID_NAM,1831,4,1,0,0
North America,OWID_NAM,1832,4,1,0,0
North America,OWID_NAM,1833,4,1,0,0
North America,OWID_NAM,1834,4,1,0,0
North America,OWID_NAM,1835,4,1,0,0
North America,OWID_NAM,1836,4,1,0,0
North America,OWID_NAM,1837,4,1,0,0
North America,OWID_NAM,1838,7,1,0,0
North America,OWID_NAM,1839,7,2,0,0
North America,OWID_NAM,1840,7,2,0,0
North America,OWID_NAM,1841,9,1,0,0
North America,OWID_NAM,1842,7,3,0,0
North America,OWID_NAM,1843,7,3,0,0
North America,OWID_NAM,1844,7,4,0,0
North America,OWID_NAM,1845,7,4,0,0
North America,OWID_NAM,1846,8,3,0,0
North America,OWID_NAM,1847,7,4,0,0
North America,OWID_NAM,1848,6,5,0,0
North America,OWID_NAM,1849,5,5,0,0
North America,OWID_NAM,1850,5,5,0,0
North America,OWID_NAM,1851,5,5,0,0
North America,OWID_NAM,1852,6,5,0,0
North America,OWID_NAM,1853,6,5,0,0
North America,OWID_NAM,1854,6,5,0,0
North America,OWID_NAM,1855,6,5,0,0
North America,OWID_NAM,1856,7,4,0,0
North America,OWID_NAM,1857,7,4,0,0
North America,OWID_NAM,1858,8,3,0,0
North America,OWID_NAM,1859,8,3,0,0
North America,OWID_NAM,1860,8,3,0,0
North America,OWID_NAM,1861,8,3,0,0
North America,OWID_NAM,1862,8,3,0,0
North America,OWID_NAM,1863,10,1,0,0
North America,OWID_NAM,1864,9,2,0,0
North America,OWID_NAM,1865,8,3,0,0
North America,OWID_NAM,1866,8,3,0,0
North America,OWID_NAM,1867,7,3,0,0
North America,OWID_NAM,1868,8,3,0,0
North America,OWID_NAM,1869,8,3,0,0
North America,OWID_NAM,1870,7,4,0,0
North America,OWID_NAM,1871,8,3,0,0
North America,OWID_NAM,1872,8,3,0,0
North America,OWID_NAM,1873,7,4,0,0
North America,OWID_NAM,1874,7,4,0,0
North America,OWID_NAM,1875,7,4,0,0
North America,OWID_NAM,1876,7,4,0,0
North America,OWID_NAM,1877,9,2,0,0
North America,OWID_NAM,1878,8,3,0,0
North America,OWID_NAM,1879,7,3,0,0
North America,OWID_NAM,1880,6,5,0,0
North America,OWID_NAM,1881,6,5,0,0
North America,OWID_NAM,1882,6,5,0,0
North America,OWID_NAM,1883,6,5,0,0
North America,OWID_NAM,1884,6,5,0,0
North America,OWID_NAM,1885,8,3,0,0
North America,OWID_NAM,1886,8,3,0,0
North America,OWID_NAM,1887,7,4,0,0
North America,OWID_NAM,1888,7,4,0,0
North America,OWID_NAM,1889,6,5,0,0
North America,OWID_NAM,1890,8,3,0,0
North America,OWID_NAM,1891,8,3,0,0
North America,OWID_NAM,1892,6,5,0,0
North America,OWID_NAM,1893,6,5,0,0
North America,OWID_NAM,1894,6,5,0,0
North America,OWID_NAM,1895,6,5,0,0
North America,OWID_NAM,1896,7,4,0,0
North America,OWID_NAM,1897,7,4,0,0
North America,OWID_NAM,1898,8,3,0,0
North America,OWID_NAM,1899,7,4,0,0
North America,OWID_NAM,1900,8,6,0,0
North America,OWID_NAM,1901,8,6,0,0
North America,OWID_NAM,1902,8,6,0,0
North America,OWID_NAM,1903,9,6,0,0
North America,OWID_NAM,1904,8,7,0,0
North America,OWID_NAM,1905,8,7,0,0
North America,OWID_NAM,1906,9,6,0,0
North America,OWID_NAM,1907,11,4,0,0
North America,OWID_NAM,1908,10,5,0,0
North America,OWID_NAM,1909,9,6,0,0
North America,OWID_NAM,1910,9,6,0,0
North America,OWID_NAM,1911,9,6,0,0
North America,OWID_NAM,1912,5,9,0,0
North America,OWID_NAM,1913,5,10,0,0
North America,OWID_NAM,1914,5,10,0,0
North America,OWID_NAM,1915,6,9,0,0
North America,OWID_NAM,1916,7,8,0,0
North America,OWID_NAM,1917,7,7,0,0
North America,OWID_NAM,1918,8,6,0,0
North America,OWID_NAM,1919,9,6,0,0
North America,OWID_NAM,1920,6,7,1,0
North America,OWID_NAM,1921,6,7,2,0
North America,OWID_NAM,1922,6,6,2,0
North America,OWID_NAM,1923,5,7,2,0
North America,OWID_NAM,1924,4,7,2,0
North America,OWID_NAM,1925,4,8,2,0
North America,OWID_NAM,1926,4,8,2,0
North America,OWID_NAM,1927,5,7,2,0
North America,OWID_NAM,1928,5,7,2,0
North America,OWID_NAM,1929,6,6,2,0
North America,OWID_NAM,1930,5,7,2,0
North America,OWID_NAM,1931,4,8,2,0
North America,OWID_NAM,1932,4,8,2,0
North America,OWID_NAM,1933,5,7,2,0
North America,OWID_NAM,1934,6,7,2,0
North America,OWID_NAM,1935,8,5,2,0
North America,OWID_NAM,1936,7,6,2,0
North America,OWID_NAM,1937,7,6,2,0
North America,OWID_NAM,1938,7,6,2,0
North America,OWID_NAM,1939,7,6,2,0
North America,OWID_NAM,1940,7,6,2,0
North America,OWID_NAM,1941,7,6,2,0
North America,OWID_NAM,1942,7,6,2,0
North America,OWID_NAM,1943,7,6,2,0
North America,OWID_NAM,1944,6,7,2,0
North America,OWID_NAM,1945,6,7,2,0
North America,OWID_NAM,1946,6,7,2,0
North America,OWID_NAM,1947,5,8,2,0
North America,OWID_NAM,1948,7,6,2,0
North America,OWID_NAM,1949,7,6,2,0
North America,OWID_NAM,1950,5,7,3,0
North America,OWID_NAM,1951,6,6,3,0
North America,OWID_NAM,1952,6,6,3,0
North America,OWID_NAM,1953,5,7,3,0
North America,OWID_NAM,1954,5,7,3,0
North America,OWID_NAM,1955,5,7,3,0
North America,OWID_NAM,1956,2,9,4,0
North America,OWID_NAM,1957,2,9,4,0
North America,OWID_NAM,1958,3,8,4,0
North America,OWID_NAM,1959,4,7,4,0
North America,OWID_NAM,1960,4,6,5,0
North America,OWID_NAM,1961,6,4,5,0
North America,OWID_NAM,1962,5,4,6,0
North America,OWID_NAM,1963,4,5,6,0
North America,OWID_NAM,1964,5,4,6,0
North America,OWID_NAM,1965,4,5,6,0
North America,OWID_NAM,1966,3,6,6,0
North America,OWID_NAM,1967,3,6,6,0
North America,OWID_NAM,1968,4,5,6,0
North America,OWID_NAM,1969,4,5,5,1
North America,OWID_NAM,1970,4,5,5,1
North America,OWID_NAM,1971,3,6,5,1
North America,OWID_NAM,1972,4,5,5,1
North America,OWID_NAM,1973,2,6,5,1
North America,OWID_NAM,1974,2,7,5,1
North America,OWID_NAM,1975,2,7,5,1
North America,OWID_NAM,1976,2,7,4,2
North America,OWID_NAM,1977,2,8,3,2
North America,OWID_NAM,1978,2,8,3,2
North America,OWID_NAM,1979,4,6,3,2
North America,OWID_NAM,1980,4,6,3,2
North America,OWID_NAM,1981,4,6,3,2
North America,OWID_NAM,1982,4,5,4,2
North America,OWID_NAM,1983,4,5,4,2
North America,OWID_NAM,1984,3,4,5,2
North America,OWID_NAM,1985,2,6,5,2
North America,OWID_NAM,1986,1,7,5,2
North America,OWID_NAM,1987,1,7,5,2
North America,OWID_NAM,1988,1,7,5,2
North America,OWID_NAM,1989,2,6,4,3
North America,OWID_NAM,1990,2,6,4,3
North America,OWID_NAM,1991,1,6,5,3
North America,OWID_NAM,1992,2,5,5,3
North America,OWID_NAM,1993,2,5,5,3
North America,OWID_NAM,1994,1,5,6,3
North America,OWID_NAM,1995,1,5,6,3
North America,OWID_NAM,1996,1,3,8,3
North America,OWID_NAM,1997,1,3,8,3
North America,OWID_NAM,1998,1,3,8,3
North America,OWID_NAM,1999,1,2,9,3
North America,OWID_NAM,2000,1,1,10,3
North America,OWID_NAM,2001,1,1,10,3
North America,OWID_NAM,2002,1,1,10,3
North America,OWID_NAM,2003,1,1,10,3
North America,OWID_NAM,2004,1,1,10,3
North America,OWID_NAM,2005,2,0,9,4
North America,OWID_NAM,2006,1,1,9,4
North America,OWID_NAM,2007,1,2,8,4
North America,OWID_NAM,2008,1,2,8,4
North America,OWID_NAM,2009,1,3,7,4
North America,OWID_NAM,2010,1,3,7,4
North America,OWID_NAM,2011,1,3,7,4
North America,OWID_NAM,2012,1,3,7,4
North America,OWID_NAM,2013,1,3,7,4
North America,OWID_NAM,2014,1,3,7,4
North America,OWID_NAM,2015,1,3,6,5
North America,OWID_NAM,2016,1,3,6,5
North America,OWID_NAM,2017,1,3,6,5
North America,OWID_NAM,2018,1,3,6,5
North America,OWID_NAM,2019,1,3,5,6
North America,OWID_NAM,2020,1,3,7,4
North America,OWID_NAM,2021,2,3,6,4
North America,OWID_NAM,2022,2,2,7,4
North America,OWID_NAM,2023,2,2,7,4
North America,OWID_NAM,2024,2,3,6,4
North America,OWID_NAM,2025,2,3,7,3
Oceania,OWID_OCE,1789,1,0,0,0
Oceania,OWID_OCE,1790,1,0,0,0
Oceania,OWID_OCE,1791,1,0,0,0
Oceania,OWID_OCE,1792,1,0,0,0
Oceania,OWID_OCE,1793,1,0,0,0
Oceania,OWID_OCE,1794,1,0,0,0
Oceania,OWID_OCE,1795,1,0,0,0
Oceania,OWID_OCE,1796,1,0,0,0
Oceania,OWID_OCE,1797,1,0,0,0
Oceania,OWID_OCE,1798,1,0,0,0
Oceania,OWID_OCE,1799,1,0,0,0
Oceania,OWID_OCE,1800,1,0,0,0
Oceania,OWID_OCE,1801,1,0,0,0
Oceania,OWID_OCE,1802,1,0,0,0
Oceania,OWID_OCE,1803,1,0,0,0
Oceania,OWID_OCE,1804,1,0,0,0
Oceania,OWID_OCE,1805,1,0,0,0
Oceania,OWID_OCE,1806,1,0,0,0
Oceania,OWID_OCE,1807,1,0,0,0
Oceania,OWID_OCE,1808,1,0,0,0
Oceania,OWID_OCE,1809,1,0,0,0
Oceania,OWID_OCE,1810,1,0,0,0
Oceania,OWID_OCE,1811,1,0,0,0
Oceania,OWID_OCE,1812,1,0,0,0
Oceania,OWID_OCE,1813,1,0,0,0
Oceania,OWID_OCE,1814,1,0,0,0
Oceania,OWID_OCE,1815,1,0,0,0
Oceania,OWID_OCE,1816,1,0,0,0
Oceania,OWID_OCE,1817,1,0,0,0
Oceania,OWID_OCE,1818,1,0,0,0
Oceania,OWID_OCE,1819,1,0,0,0
Oceania,OWID_OCE,1820,1,0,0,0
Oceania,OWID_OCE,1821,1,0,0,0
Oceania,OWID_OCE,1822,1,0,0,0
Oceania,OWID_OCE,1823,1,0,0,0
Oceania,OWID_OCE,1824,1,0,0,0
Oceania,OWID_OCE,1825,1,0,0,0
Oceania,OWID_OCE,1826,1,0,0,0
Oceania,OWID_OCE,1827,1,0,0,0
Oceania,OWID_OCE,1828,1,0,0,0
Oceania,OWID_OCE,1829,1,0,0,0
Oceania,OWID_OCE,1830,1,0,0,0
Oceania,OWID_OCE,1831,1,0,0,0
Oceania,OWID_OCE,1832,1,0,0,0
Oceania,OWID_OCE,1833,1,0,0,0
Oceania,OWID_OCE,1834,1,0,0,0
Oceania,OWID_OCE,1835,1,0,0,0
Oceania,OWID_OCE,1836,1,0,0,0
Oceania,OWID_OCE,1837,1,0,0,0
Oceania,OWID_OCE,1838,1,0,0,0
Oceania,OWID_OCE,1839,1,0,0,0
Oceania,OWID_OCE,1840,1,0,0,0
Oceania,OWID_OCE,1841,1,0,0,0
Oceania,OWID_OCE,1842,1,0,0,0
Oceania,OWID_OCE,1843,1,0,0,0
Oceania,OWID_OCE,1844,1,0,0,0
Oceania,OWID_OCE,1845,1,0,0,0
Oceania,OWID_OCE,1846,1,0,0,0
Oceania,OWID_OCE,1847,1,0,0,0
Oceania,OWID_OCE,1848,1,0,0,0
Oceania,OWID_OCE,1849,1,0,0,0
Oceania,OWID_OCE,1850,1,0,0,0
Oceania,OWID_OCE,1851,1,0,0,0
Oceania,OWID_OCE,1852,1,0,0,0
Oceania,OWID_OCE,1853,2,0,0,0
Oceania,OWID_OCE,1854,2,0,0,0
Oceania,OWID_OCE,1855,2,0,0,0
Oceania,OWID_OCE,1856,1,1,0,0
Oceania,OWID_OCE,1857,1,1,0,0
Oceania,OWID_OCE,1858,1,0,0,1
Oceania,OWID_OCE,1859,1,0,0,1
Oceania,OWID_OCE,1860,1,0,0,1
Oceania,OWID_OCE,1861,1,0,0,1
Oceania,OWID_OCE,1862,0,0,0,1
Oceania,OWID_OCE,1863,0,0,0,1
Oceania,OWID_OCE,1864,0,0,0,1
Oceania,OWID_OCE,1865,0,0,0,1
Oceania,OWID_OCE,1866,1,0,0,1
Oceania,OWID_OCE,1867,1,0,0,1
Oceania,OWID_OCE,1868,1,0,0,1
Oceania,OWID_OCE,1869,1,0,0,1
Oceania,OWID_OCE,1870,1,0,0,1
Oceania,OWID_OCE,1871,0,0,0,1
Oceania,OWID_OCE,1872,0,0,0,1
Oceania,OWID_OCE,1873,0,0,0,1
Oceania,OWID_OCE,1874,0,0,0,1
Oceania,OWID_OCE,1875,0,0,0,1
Oceania,OWID_OCE,1876,0,0,0,1
Oceania,OWID_OCE,1877,0,0,0,1
Oceania,OWID_OCE,1878,0,0,0,1
Oceania,OWID_OCE,1879,0,0,0,1
Oceania,OWID_OCE,1880,0,0,0,1
Oceania,OWID_OCE,1881,0,0,0,1
Oceania,OWID_OCE,1882,0,0,0,1
Oceania,OWID_OCE,1883,0,0,0,1
Oceania,OWID_OCE,1884,0,0,0,1
Oceania,OWID_OCE,1885,0,0,0,1
Oceania,OWID_OCE,1886,0,0,0,1
Oceania,OWID_OCE,1887,0,0,1,1
Oceania,OWID_OCE,1888,0,0,1,1
Oceania,OWID_OCE,1889,0,0,1,1
Oceania,OWID_OCE,1890,0,0,1,1
Oceania,OWID_OCE,1891,0,0,1,1
Oceania,OWID_OCE,1892,0,0,1,1
Oceania,OWID_OCE,1893,0,0,1,1
Oceania,OWID_OCE,1894,0,0,1,1
Oceania,OWID_OCE,1895,0,0,1,1
Oceania,OWID_OCE,1896,0,0,1,1
Oceania,OWID_OCE,1897,0,0,1,1
Oceania,OWID_OCE,1898,0,0,1,1
Oceania,OWID_OCE,1899,0,0,1,1
Oceania,OWID_OCE,1900,4,0,1,1
Oceania,OWID_OCE,1901,4,0,1,1
Oceania,OWID_OCE,1902,4,0,1,1
Oceania,OWID_OCE,1903,4,0,1,1
Oceania,OWID_OCE,1904,4,0,1,1
Oceania,OWID_OCE,1905,4,0,1,1
Oceania,OWID_OCE,1906,4,0,1,1
Oceania,OWID_OCE,1907,4,0,1,1
Oceania,OWID_OCE,1908,4,0,1,1
Oceania,OWID_OCE,1909,4,0,1,1
Oceania,OWID_OCE,1910,4,0,1,1
Oceania,OWID_OCE,1911,4,0,1,1
Oceania,OWID_OCE,1912,4,0,1,1
Oceania,OWID_OCE,1913,4,0,0,2
Oceania,OWID_OCE,1914,4,0,0,2
Oceania,OWID_OCE,1915,4,0,0,2
Oceania,OWID_OCE,1916,4,0,1,1
Oceania,OWID_OCE,1917,4,0,1,1
Oceania,OWID_OCE,1918,4,0,0,2
Oceania,OWID_OCE,1919,4,0,0,2
Oceania,OWID_OCE,1920,4,0,0,2
Oceania,OWID_OCE,1921,4,0,0,2
Oceania,OWID_OCE,1922,4,0,0,2
Oceania,OWID_OCE,1923,4,0,0,2
Oceania,OWID_OCE,1924,4,0,0,2
Oceania,OWID_OCE,1925,4,0,0,2
Oceania,OWID_OCE,1926,4,0,0,2
Oceania,OWID_OCE,1927,4,0,0,2
Oceania,OWID_OCE,1928,4,0,0,2
Oceania,OWID_OCE,1929,4,0,0,2
Oceania,OWID_OCE,1930,4,0,0,2
Oceania,OWID_OCE,1931,4,0,0,2
Oceania,OWID_OCE,1932,4,0,0,2
Oceania,OWID_OCE,1933,4,0,0,2
Oceania,OWID_OCE,1934,4,0,0,2
Oceania,OWID_OCE,1935,4,0,0,2
Oceania,OWID_OCE,1936,4,0,0,2
Oceania,OWID_OCE,1937,4,0,0,2
Oceania,OWID_OCE,1938,4,0,0,2
Oceania,OWID_OCE,1939,4,0,0,2
Oceania,OWID_OCE,1940,4,0,0,2
Oceania,OWID_OCE,1941,4,0,0,2
Oceania,OWID_OCE,1942,4,0,0,2
Oceania,OWID_OCE,1943,4,0,0,2
Oceania,OWID_OCE,1944,4,0,0,2
Oceania,OWID_OCE,1945,4,0,0,2
Oceania,OWID_OCE,1946,4,0,0,2
Oceania,OWID_OCE,1947,4,0,0,2
Oceania,OWID_OCE,1948,4,0,0,2
Oceania,OWID_OCE,1949,4,0,0,2
Oceania,OWID_OCE,1950,4,0,0,2
Oceania,OWID_OCE,1951,4,0,0,2
Oceania,OWID_OCE,1952,4,0,0,2
Oceania,OWID_OCE,1953,4,0,0,2
Oceania,OWID_OCE,1954,4,0,0,2
Oceania,OWID_OCE,1955,4,0,0,2
Oceania,OWID_OCE,1956,4,0,0,2
Oceania,OWID_OCE,1957,4,0,0,2
Oceania,OWID_OCE,1958,4,0,0,2
Oceania,OWID_OCE,1959,4,0,0,2
Oceania,OWID_OCE,1960,4,0,0,2
Oceania,OWID_OCE,1961,4,0,0,2
Oceania,OWID_OCE,1962,4,0,0,2
Oceania,OWID_OCE,1963,4,0,0,2
Oceania,OWID_OCE,1964,4,0,0,2
Oceania,OWID_OCE,1965,4,0,0,2
Oceania,OWID_OCE,1966,4,0,0,2
Oceania,OWID_OCE,1967,3,1,0,2
Oceania,OWID_OCE,1968,3,1,0,2
Oceania,OWID_OCE,1969,3,1,0,2
Oceania,OWID_OCE,1970,3,0,1,2
Oceania,OWID_OCE,1971,3,0,1,2
Oceania,OWID_OCE,1972,2,1,1,2
Oceania,OWID_OCE,1973,2,0,2,2
Oceania,OWID_OCE,1974,1,1,2,2
Oceania,OWID_OCE,1975,1,1,2,2
Oceania,OWID_OCE,1976,1,1,2,2
Oceania,OWID_OCE,1977,0,2,2,2
Oceania,OWID_OCE,1978,0,2,2,2
Oceania,OWID_OCE,1979,0,1,3,2
Oceania,OWID_OCE,1980,0,0,4,2
Oceania,OWID_OCE,1981,0,0,4,2
Oceania,OWID_OCE,1982,0,0,4,2
Oceania,OWID_OCE,1983,0,0,4,2
Oceania,OWID_OCE,1984,0,0,4,2
Oceania,OWID_OCE,1985,0,0,4,2
Oceania,OWID_OCE,1986,0,0,4,2
Oceania,OWID_OCE,1987,1,0,3,2
Oceania,OWID_OCE,1988,1,0,3,2
Oceania,OWID_OCE,1989,1,0,3,2
Oceania,OWID_OCE,1990,1,0,3,2
Oceania,OWID_OCE,1991,1,0,3,2
Oceania,OWID_OCE,1992,0,1,3,2
Oceania,OWID_OCE,1993,0,0,4,2
Oceania,OWID_OCE,1994,0,0,4,2
Oceania,OWID_OCE,1995,0,0,4,2
Oceania,OWID_OCE,1996,0,0,4,2
Oceania,OWID_OCE,1997,0,0,4,2
Oceania,OWID_OCE,1998,0,0,4,2
Oceania,OWID_OCE,1999,0,0,4,2
Oceania,OWID_OCE,2000,1,1,2,2
Oceania,OWID_OCE,2001,1,1,2,2
Oceania,OWID_OCE,2002,0,1,3,2
Oceania,OWID_OCE,2003,0,0,4,2
Oceania,OWID_OCE,2004,0,0,4,2
Oceania,OWID_OCE,2005,0,0,4,2
Oceania,OWID_OCE,2006,0,2,2,2
Oceania,OWID_OCE,2007,1,0,3,2
Oceania,OWID_OCE,2008,1,1,2,2
Oceania,OWID_OCE,2009,1,1,2,2
Oceania,OWID_OCE,2010,1,1,2,2
Oceania,OWID_OCE,2011,1,1,2,2
Oceania,OWID_OCE,2012,1,1,2,2
Oceania,OWID_OCE,2013,1,1,2,2
Oceania,OWID_OCE,2014,0,2,2,2
Oceania,OWID_OCE,2015,0,2,2,2
Oceania,OWID_OCE,2016,0,2,2,2
Oceania,OWID_OCE,2017,0,2,2,2
Oceania,OWID_OCE,2018,0,2,2,2
Oceania,OWID_OCE,2019,0,2,2,2
Oceania,OWID_OCE,2020,0,2,2,2
Oceania,OWID_OCE,2021,0,2,2,2
Oceania,OWID_OCE,2022,0,2,2,2
Oceania,OWID_OCE,2023,0,1,3,2
Oceania,OWID_OCE,2024,0,1,3,2
Oceania,OWID_OCE,2025,0,1,3,2
South America,OWID_SAM,1789,4,0,0,0
South America,OWID_SAM,1790,4,0,0,0
South America,OWID_SAM,1791,4,0,0,0
South America,OWID_SAM,1792,4,0,0,0
South America,OWID_SAM,1793,4,0,0,0
South America,OWID_SAM,1794,4,0,0,0
South America,OWID_SAM,1795,4,0,0,0
South America,OWID_SAM,1796,4,0,0,0
South America,OWID_SAM,1797,4,0,0,0
South America,OWID_SAM,1798,4,0,0,0
South America,OWID_SAM,1799,4,0,0,0
South America,OWID_SAM,1800,4,0,0,0
South America,OWID_SAM,1801,4,0,0,0
South America,OWID_SAM,1802,4,0,0,0
South America,OWID_SAM,1803,4,0,0,0
South America,OWID_SAM,1804,4,0,0,0
South America,OWID_SAM,1805,4,0,0,0
South America,OWID_SAM,1806,4,0,0,0
South America,OWID_SAM,1807,4,0,0,0
South America,OWID_SAM,1808,4,0,0,0
South America,OWID_SAM,1809,4,0,0,0
South America,OWID_SAM,1810,5,0,0,0
South America,OWID_SAM,1811,6,0,0,0
South America,OWID_SAM,1812,6,0,0,0
South America,OWID_SAM,1813,6,0,0,0
South America,OWID_SAM,1814,6,0,0,0
South America,OWID_SAM,1815,6,0,0,0
South America,OWID_SAM,1816,6,0,0,0
South America,OWID_SAM,1817,5,1,0,0
South America,OWID_SAM,1818,5,1,0,0
South America,OWID_SAM,1819,5,1,0,0
South America,OWID_SAM,1820,4,1,0,0
South America,OWID_SAM,1821,4,2,0,0
South America,OWID_SAM,1822,4,2,0,0
South America,OWID_SAM,1823,4,2,0,0
South America,OWID_SAM,1824,3,2,0,0
South America,OWID_SAM,1825,5,2,0,0
South America,OWID_SAM,1826,6,2,0,0
South America,OWID_SAM,1827,6,2,0,0
South America,OWID_SAM,1828,6,2,0,0
South America,OWID_SAM,1829,5,3,0,0
South America,OWID_SAM,1830,8,2,0,0
South America,OWID_SAM,1831,6,4,0,0
South America,OWID_SAM,1832,6,4,0,0
South America,OWID_SAM,1833,6,4,0,0
South America,OWID_SAM,1834,6,4,0,0
South America,OWID_SAM,1835,5,5,0,0
South America,OWID_SAM,1836,5,5,0,0
South America,OWID_SAM,1837,4,6,0,0
South America,OWID_SAM,1838,5,5,0,0
South America,OWID_SAM,1839,5,5,0,0
South America,OWID_SAM,1840,6,4,0,0
South America,OWID_SAM,1841,8,2,0,0
South America,OWID_SAM,1842,7,3,0,0
South America,OWID_SAM,1843,7,3,0,0
South America,OWID_SAM,1844,7,3,0,0
South America,OWID_SAM,1845,7,3,0,0
South America,OWID_SAM,1846,7,3,0,0
South America,OWID_SAM,1847,7,3,0,0
South America,OWID_SAM,1848,7,3,0,0
South America,OWID_SAM,1849,8,2,0,0
South America,OWID_SAM,1850,8,2,0,0
South America,OWID_SAM,1851,6,4,0,0
South America,OWID_SAM,1852,6,4,0,0
South America,OWID_SAM,1853,7,3,0,0
South America,OWID_SAM,1854,6,4,0,0
South America,OWID_SAM,1855,6,4,0,0
South America,OWID_SAM,1856,5,4,0,0
South America,OWID_SAM,1857,5,5,0,0
South America,OWID_SAM,1858,6,4,0,0
South America,OWID_SAM,1859,5,5,0,0
South America,OWID_SAM,1860,5,5,0,0
South America,OWID_SAM,1861,7,3,0,0
South America,OWID_SAM,1862,6,4,0,0
South America,OWID_SAM,1863,5,5,0,0
South America,OWID_SAM,1864,6,4,0,0
South America,OWID_SAM,1865,7,2,0,0
South America,OWID_SAM,1866,6,4,0,0
South America,OWID_SAM,1867,7,3,0,0
South America,OWID_SAM,1868,5,4,0,0
South America,OWID_SAM,1869,7,3,0,0
South America,OWID_SAM,1870,6,4,0,0
South America,OWID_SAM,1871,7,3,0,0
South America,OWID_SAM,1872,5,5,0,0
South America,OWID_SAM,1873,7,3,0,0
South America,OWID_SAM,1874,5,5,0,0
South America,OWID_SAM,1875,6,3,0,0
South America,OWID_SAM,1876,7,3,0,0
South America,OWID_SAM,1877,7,3,0,0
South America,OWID_SAM,1878,6,4,0,0
South America,OWID_SAM,1879,7,3,0,0
South America,OWID_SAM,1880,6,4,0,0
South America,OWID_SAM,1881,5,5,0,0
South America,OWID_SAM,1882,4,6,0,0
South America,OWID_SAM,1883,5,5,0,0
South America,OWID_SAM,1884,4,6,0,0
South America,OWID_SAM,1885,6,4,0,0
South America,OWID_SAM,1886,4,5,0,0
South America,OWID_SAM,1887,4,5,0,0
South America,OWID_SAM,1888,4,4,0,0
South America,OWID_SAM,1889,4,5,0,0
South America,OWID_SAM,1890,4,5,0,0
South America,OWID_SAM,1891,5,4,0,0
South America,OWID_SAM,1892,3,6,0,0
South America,OWID_SAM,1893,4,6,0,0
South America,OWID_SAM,1894,2,8,0,0
South America,OWID_SAM,1895,3,7,0,0
South America,OWID_SAM,1896,4,6,0,0
South America,OWID_SAM,1897,3,6,0,0
South America,OWID_SAM,1898,1,9,0,0
South America,OWID_SAM,1899,2,8,0,0
South America,OWID_SAM,1900,4,8,0,0
South America,OWID_SAM,1901,4,8,0,0
South America,OWID_SAM,1902,4,8,0,0
South America,OWID_SAM,1903,4,8,0,0
South America,OWID_SAM,1904,4,8,0,0
South America,OWID_SAM,1905,4,8,0,0
South America,OWID_SAM,1906,5,7,0,0
South America,OWID_SAM,1907,5,7,0,0
South America,OWID_SAM,1908,5,7,0,0
South America,OWID_SAM,1909,6,6,0,0
South America,OWID_SAM,1910,6,6,0,0
South America,OWID_SAM,1911,5,7,0,0
South America,OWID_SAM,1912,5,7,0,0
South America,OWID_SAM,1913,5,7,0,0
South America,OWID_SAM,1914,5,7,0,0
South America,OWID_SAM,1915,4,8,0,0
South America,OWID_SAM,1916,4,8,0,0
South America,OWID_SAM,1917,4,8,0,0
South America,OWID_SAM,1918,4,8,0,0
South America,OWID_SAM,1919,5,7,0,0
South America,OWID_SAM,1920,5,7,0,0
South America,OWID_SAM,1921,4,8,0,0
South America,OWID_SAM,1922,4,8,0,0
South America,OWID_SAM,1923,4,7,1,0
South America,OWID_SAM,1924,5,6,1,0
South America,OWID_SAM,1925,6,5,1,0
South America,OWID_SAM,1926,4,6,1,0
South America,OWID_SAM,1927,4,6,1,0
South America,OWID_SAM,1928,5,6,1,0
South America,OWID_SAM,1929,5,6,1,0
South America,OWID_SAM,1930,8,3,1,0
South America,OWID_SAM,1931,5,5,1,0
South America,OWID_SAM,1932,5,6,1,0
South America,OWID_SAM,1933,7,5,0,0
South America,OWID_SAM,1934,7,5,0,0
South America,OWID_SAM,1935,8,4,0,0
South America,OWID_SAM,1936,8,4,0,0
South America,OWID_SAM,1937,7,5,0,0
South America,OWID_SAM,1938,5,7,0,0
South America,OWID_SAM,1939,4,7,1,0
South America,OWID_SAM,1940,4,7,1,0
South America,OWID_SAM,1941,5,6,1,0
South America,OWID_SAM,1942,5,6,1,0
South America,OWID_SAM,1943,5,5,1,0
South America,OWID_SAM,1944,7,4,1,0
South America,OWID_SAM,1945,7,4,1,0
South America,OWID_SAM,1946,6,5,1,0
South America,OWID_SAM,1947,4,6,1,0
South America,OWID_SAM,1948,4,7,1,0
South America,OWID_SAM,1949,5,6,1,0
South America,OWID_SAM,1950,4,7,1,0
South America,OWID_SAM,1951,4,7,1,0
South America,OWID_SAM,1952,3,8,1,0
South America,OWID_SAM,1953,4,7,1,0
South America,OWID_SAM,1954,4,7,1,0
South America,OWID_SAM,1955,5,5,2,0
South America,OWID_SAM,1956,5,5,2,0
South America,OWID_SAM,1957,4,6,2,0
South America,OWID_SAM,1958,3,7,2,0
South America,OWID_SAM,1959,2,6,4,0
South America,OWID_SAM,1960,2,6,4,0
South America,OWID_SAM,1961,2,6,4,0
South America,OWID_SAM,1962,3,5,4,0
South America,OWID_SAM,1963,2,6,4,0
South America,OWID_SAM,1964,2,5,5,0
South America,OWID_SAM,1965,3,4,5,0
South America,OWID_SAM,1966,1,7,4,0
South America,OWID_SAM,1967,2,6,4,0
South America,OWID_SAM,1968,2,6,4,0
South America,OWID_SAM,1969,2,6,4,0
South America,OWID_SAM,1970,3,5,4,0
South America,OWID_SAM,1971,3,4,4,0
South America,OWID_SAM,1972,4,5,3,0
South America,OWID_SAM,1973,4,6,2,0
South America,OWID_SAM,1974,5,4,3,0
South America,OWID_SAM,1975,5,5,2,0
South America,OWID_SAM,1976,5,5,2,0
South America,OWID_SAM,1977,6,4,2,0
South America,OWID_SAM,1978,6,4,2,0
South America,OWID_SAM,1979,4,6,2,0
South America,OWID_SAM,1980,5,5,2,0
South America,OWID_SAM,1981,5,4,3,0
South America,OWID_SAM,1982,5,4,3,0
South America,OWID_SAM,1983,4,5,3,0
South America,OWID_SAM,1984,4,4,4,0
South America,OWID_SAM,1985,2,5,4,1
South America,OWID_SAM,1986,2,4,5,1
South America,OWID_SAM,1987,2,3,6,1
South America,OWID_SAM,1988,1,3,7,1
South America,OWID_SAM,1989,1,3,7,1
South America,OWID_SAM,1990,0,3,8,1
South America,OWID_SAM,1991,0,3,8,1
South America,OWID_SAM,1992,1,2,8,1
South America,OWID_SAM,1993,1,1,9,1
South America,OWID_SAM,1994,1,1,9,1
South America,OWID_SAM,1995,0,2,9,1
South America,OWID_SAM,1996,0,2,8,2
South America,OWID_SAM,1997,0,2,8,2
South America,OWID_SAM,1998,0,1,9,2
South America,OWID_SAM,1999,0,1,9,2
South America,OWID_SAM,2000,0,1,9,2
South America,OWID_SAM,2001,0,0,10,2
South America,OWID_SAM,2002,0,1,9,2
South America,OWID_SAM,2003,0,1,9,2
South America,OWID_SAM,2004,0,1,9,2
South America,OWID_SAM,2005,0,1,9,2
South America,OWID_SAM,2006,0,1,9,2
South America,OWID_SAM,2007,0,1,9,2
South America,OWID_SAM,2008,0,1,9,2
South America,OWID_SAM,2009,0,1,9,2
South America,OWID_SAM,2010,0,1,9,2
South America,OWID_SAM,2011,0,1,9,2
South America,OWID_SAM,2012,0,1,9,2
South America,OWID_SAM,2013,0,1,9,2
South America,OWID_SAM,2014,0,1,9,2
South America,OWID_SAM,2015,0,1,9,2
South America,OWID_SAM,2016,0,1,9,2
South America,OWID_SAM,2017,0,1,9,2
South America,OWID_SAM,2018,0,1,9,2
South America,OWID_SAM,2019,1,1,9,1
South America,OWID_SAM,2020,0,2,9,1
South America,OWID_SAM,2021,0,2,8,2
South America,OWID_SAM,2022,0,2,8,2
South America,OWID_SAM,2023,0,2,7,3
South America,OWID_SAM,2024,0,2,8,2
South America,OWID_SAM,2025,0,1,9,2
World,OWID_WRL,1789,51,0,0,0
World,OWID_WRL,1790,52,1,0,0
World,OWID_WRL,1791,52,1,0,0
World,OWID_WRL,1792,51,2,0,0
World,OWID_WRL,1793,51,2,0,0
World,OWID_WRL,1794,51,2,0,0
World,OWID_WRL,1795,51,2,0,0
World,OWID_WRL,1796,47,4,0,0
World,OWID_WRL,1797,47,4,0,0
World,OWID_WRL,1798,47,4,0,0
World,OWID_WRL,1799,49,2,0,0
World,OWID_WRL,1800,51,2,0,0
World,OWID_WRL,1801,50,2,0,0
World,OWID_WRL,1802,52,2,0,0
World,OWID_WRL,1803,51,2,0,0
World,OWID_WRL,1804,51,2,0,0
World,OWID_WRL,1805,51,2,0,0
World,OWID_WRL,1806,51,2,0,0
World,OWID_WRL,1807,53,2,0,0
World,OWID_WRL,1808,52,2,0,0
World,OWID_WRL,1809,53,2,0,0
World,OWID_WRL,1810,52,2,0,0
World,OWID_WRL,1811,51,2,0,0
World,OWID_WRL,1812,51,2,0,0
World,OWID_WRL,1813,53,2,0,0
World,OWID_WRL,1814,55,2,0,0
World,OWID_WRL,1815,58,2,0,0
World,OWID_WRL,1816,58,2,0,0
World,OWID_WRL,1817,58,3,0,0
World,OWID_WRL,1818,58,3,0,0
World,OWID_WRL,1819,58,3,0,0
World,OWID_WRL,1820,57,3,0,0
World,OWID_WRL,1821,58,4,0,0
World,OWID_WRL,1822,59,4,0,0
World,OWID_WRL,1823,58,5,0,0
World,OWID_WRL,1824,58,4,0,0
World,OWID_WRL,1825,60,4,0,0
World,OWID_WRL,1826,61,4,0,0
World,OWID_WRL,1827,61,4,0,0
World,OWID_WRL,1828,61,4,0,0
World,OWID_WRL,1829,60,5,0,0
World,OWID_WRL,1830,64,4,0,0
World,OWID_WRL,1831,63,6,0,0
World,OWID_WRL,1832,63,7,0,0
World,OWID_WRL,1833,63,7,0,0
World,OWID_WRL,1834,64,7,0,0
World,OWID_WRL,1835,63,8,0,0
World,OWID_WRL,1836,63,8,0,0
World,OWID_WRL,1837,62,9,0,0
World,OWID_WRL,1838,66,8,0,0
World,OWID_WRL,1839,66,9,0,0
World,OWID_WRL,1840,67,8,0,0
World,OWID_WRL,1841,71,5,0,0
World,OWID_WRL,1842,68,8,0,0
World,OWID_WRL,1843,68,8,0,0
World,OWID_WRL,1844,68,9,0,0
World,OWID_WRL,1845,68,9,0,0
World,OWID_WRL,1846,70,8,0,0
World,OWID_WRL,1847,68,9,0,0
World,OWID_WRL,1848,63,16,0,0
World,OWID_WRL,1849,64,13,0,1
World,OWID_WRL,1850,64,13,0,1
World,OWID_WRL,1851,62,14,0,1
World,OWID_WRL,1852,63,14,0,1
World,OWID_WRL,1853,65,13,0,1
World,OWID_WRL,1854,64,14,0,1
World,OWID_WRL,1855,64,14,0,1
World,OWID_WRL,1856,63,14,0,1
World,OWID_WRL,1857,63,15,0,1
World,OWID_WRL,1858,64,13,0,2
World,OWID_WRL,1859,64,13,0,2
World,OWID_WRL,1860,62,13,0,2
World,OWID_WRL,1861,63,11,0,2
World,OWID_WRL,1862,59,12,0,2
World,OWID_WRL,1863,61,11,0,2
World,OWID_WRL,1864,61,11,0,2
World,OWID_WRL,1865,59,12,0,2
World,OWID_WRL,1866,60,13,0,2
World,OWID_WRL,1867,57,12,0,2
World,OWID_WRL,1868,51,12,0,2
World,OWID_WRL,1869,52,12,0,2
World,OWID_WRL,1870,49,15,0,2
World,OWID_WRL,1871,50,13,0,2
World,OWID_WRL,1872,44,15,0,2
World,OWID_WRL,1873,44,15,0,2
World,OWID_WRL,1874,43,15,1,2
World,OWID_WRL,1875,43,14,1,2
World,OWID_WRL,1876,44,14,1,2
World,OWID_WRL,1877,46,12,1,2
World,OWID_WRL,1878,45,14,1,2
World,OWID_WRL,1879,45,13,1,2
World,OWID_WRL,1880,43,16,1,2
World,OWID_WRL,1881,42,17,1,2
World,OWID_WRL,1882,40,19,1,2
World,OWID_WRL,1883,41,18,1,2
World,OWID_WRL,1884,40,19,1,2
World,OWID_WRL,1885,44,15,1,2
World,OWID_WRL,1886,41,17,1,2
World,OWID_WRL,1887,40,17,2,2
World,OWID_WRL,1888,40,16,2,2
World,OWID_WRL,1889,39,18,2,2
World,OWID_WRL,1890,41,16,2,2
World,OWID_WRL,1891,42,15,2,2
World,OWID_WRL,1892,38,19,2,2
World,OWID_WRL,1893,39,19,2,2
World,OWID_WRL,1894,37,21,2,2
World,OWID_WRL,1895,38,20,2,2
World,OWID_WRL,1896,40,18,2,2
World,OWID_WRL,1897,39,18,2,2
World,OWID_WRL,1898,38,20,2,2
World,OWID_WRL,1899,38,20,2,2
World,OWID_WRL,1900,95,21,2,3
World,OWID_WRL,1901,94,22,2,3
World,OWID_WRL,1902,96,21,2,4
World,OWID_WRL,1903,99,21,2,4
World,OWID_WRL,1904,99,22,3,4
World,OWID_WRL,1905,99,22,3,4
World,OWID_WRL,1906,101,19,4,4
World,OWID_WRL,1907,103,17,4,4
World,OWID_WRL,1908,102,18,4,4
World,OWID_WRL,1909,102,18,4,4
World,OWID_WRL,1910,102,19,4,4
World,OWID_WRL,1911,103,21,4,4
World,OWID_WRL,1912,99,24,4,4
World,OWID_WRL,1913,99,25,3,5
World,OWID_WRL,1914,102,25,3,4
World,OWID_WRL,1915,102,26,3,4
World,OWID_WRL,1916,107,24,4,3
World,OWID_WRL,1917,104,26,4,3
World,OWID_WRL,1918,109,24,4,5
World,OWID_WRL,1919,110,24,6,6
World,OWID_WRL,1920,107,26,9,7
World,OWID_WRL,1921,103,26,12,8
World,OWID_WRL,1922,106,24,13,9
World,OWID_WRL,1923,105,23,15,9
World,OWID_WRL,1924,106,21,14,10
World,OWID_WRL,1925,107,21,14,10
World,OWID_WRL,1926,106,22,13,10
World,OWID_WRL,1927,108,21,12,10
World,OWID_WRL,1928,109,21,12,10
World,OWID_WRL,1929,111,19,12,10
World,OWID_WRL,1930,113,17,13,9
World,OWID_WRL,1931,109,20,13,9
World,OWID_WRL,1932,105,22,14,9
World,OWID_WRL,1933,108,22,11,9
World,OWID_WRL,1934,111,22,9,9
World,OWID_WRL,1935,117,17,9,9
World,OWID_WRL,1936,116,19,8,9
World,OWID_WRL,1937,115,20,8,9
World,OWID_WRL,1938,114,21,8,9
World,OWID_WRL,1939,114,19,8,9
World,OWID_WRL,1940,115,20,6,6
World,OWID_WRL,1941,117,19,6,6
World,OWID_WRL,1942,118,18,5,6
World,OWID_WRL,1943,117,19,4,6
World,OWID_WRL,1944,119,19,3,7
World,OWID_WRL,1945,114,23,5,7
World,OWID_WRL,1946,105,28,5,12
World,OWID_WRL,1947,98,34,6,13
World,OWID_WRL,1948,104,30,8,13
World,OWID_WRL,1949,107,26,8,15
World,OWID_WRL,1950,103,28,9,15
World,OWID_WRL,1951,104,28,9,15
World,OWID_WRL,1952,103,27,10,16
World,OWID_WRL,1953,102,28,10,16
World,OWID_WRL,1954,101,29,10,16
World,OWID_WRL,1955,97,31,11,16
World,OWID_WRL,1956,93,34,12,17
World,OWID_WRL,1957,87,40,12,17
World,OWID_WRL,1958,88,41,10,17
World,OWID_WRL,1959,88,39,12,17
World,OWID_WRL,1960,80,45,13,17
World,OWID_WRL,1961,79,47,13,17
World,OWID_WRL,1962,77,48,14,17
World,OWID_WRL,1963,73,51,15,17
World,OWID_WRL,1964,76,47,16,17
World,OWID_WRL,1965,77,46,16,17
World,OWID_WRL,1966,77,46,15,18
World,OWID_WRL,1967,79,43,16,18
World,OWID_WRL,1968,78,42,17,18
World,OWID_WRL,1969,82,39,16,19
World,OWID_WRL,1970,82,38,16,20
World,OWID_WRL,1971,82,38,15,20
World,OWID_WRL,1972,85,38,14,20
World,OWID_WRL,1973,82,39,15,20
World,OWID_WRL,1974,80,41,16,20
World,OWID_WRL,1975,77,43,16,20
World,OWID_WRL,1976,78,41,15,22
World,OWID_WRL,1977,77,42,13,23
World,OWID_WRL,1978,79,38,15,23
World,OWID_WRL,1979,76,42,16,23
World,OWID_WRL,1980,73,44,17,23
World,OWID_WRL,1981,74,41,17,23
World,OWID_WRL,1982,76,39,18,23
World,OWID_WRL,1983,74,42,16,24
World,OWID_WRL,1984,74,40,18,24
World,OWID_WRL,1985,71,43,17,26
World,OWID_WRL,1986,66,46,18,26
World,OWID_WRL,1987,69,44,18,26
World,OWID_WRL,1988,65,45,21,26
World,OWID_WRL,1989,62,49,20,27
World,OWID_WRL,1990,57,52,34,28
World,OWID_WRL,1991,53,54,35,30
World,OWID_WRL,1992,48,58,38,30
World,OWID_WRL,1993,46,54,40,33
World,OWID_WRL,1994,39,58,44,33
World,OWID_WRL,1995,36,58,46,33
World,OWID_WRL,1996,29,62,45,36
World,OWID_WRL,1997,31,62,46,36
World,OWID_WRL,1998,30,62,48,36
World,OWID_WRL,1999,33,59,47,38
World,OWID_WRL,2000,35,58,45,39
World,OWID_WRL,2001,35,56,47,39
World,OWID_WRL,2002,27,61,49,39
World,OWID_WRL,2003,28,53,55,40
World,OWID_WRL,2004,27,54,54,41
World,OWID_WRL,2005,25,58,52,42
World,OWID_WRL,2006,22,62,51,42
World,OWID_WRL,2007,25,62,48,43
World,OWID_WRL,2008,23,64,48,43
World,OWID_WRL,2009,23,64,46,45
World,OWID_WRL,2010,22,62,49,44
World,OWID_WRL,2011,22,64,49,44
World,OWID_WRL,2012,20,65,50,44
World,OWID_WRL,2013,23,64,52,40
World,OWID_WRL,2014,22,63,51,41
World,OWID_WRL,2015,23,62,53,41
World,OWID_WRL,2016,23,61,56,39
World,OWID_WRL,2017,22,64,54,39
World,OWID_WRL,2018,21,64,55,39
World,OWID_WRL,2019,22,64,55,38
World,OWID_WRL,2020,24,63,57,35
World,OWID_WRL,2021,30,57,57,35
World,OWID_WRL,2022,33,55,54,37
World,OWID_WRL,2023,34,55,56,34
World,OWID_WRL,2024,31,62,56,30
World,OWID_WRL,2025,34,58,56,31